-- MySQL dump 10.13  Distrib 8.0.22, for Win64 (x86_64)
--
-- Host: localhost    Database: miaosha
-- ------------------------------------------------------
-- Server version	8.0.22

/*!40101 SET @OLD_CHARACTER_SET_CLIENT=@@CHARACTER_SET_CLIENT */;
/*!40101 SET @OLD_CHARACTER_SET_RESULTS=@@CHARACTER_SET_RESULTS */;
/*!40101 SET @OLD_COLLATION_CONNECTION=@@COLLATION_CONNECTION */;
/*!50503 SET NAMES utf8mb4 */;
/*!40103 SET @OLD_TIME_ZONE=@@TIME_ZONE */;
/*!40103 SET TIME_ZONE='+00:00' */;
/*!40014 SET @OLD_UNIQUE_CHECKS=@@UNIQUE_CHECKS, UNIQUE_CHECKS=0 */;
/*!40014 SET @OLD_FOREIGN_KEY_CHECKS=@@FOREIGN_KEY_CHECKS, FOREIGN_KEY_CHECKS=0 */;
/*!40101 SET @OLD_SQL_MODE=@@SQL_MODE, SQL_MODE='NO_AUTO_VALUE_ON_ZERO' */;
/*!40111 SET @OLD_SQL_NOTES=@@SQL_NOTES, SQL_NOTES=0 */;

--
-- Current Database: `miaosha`
--

CREATE DATABASE /*!32312 IF NOT EXISTS*/ `miaosha` /*!40100 DEFAULT CHARACTER SET utf8 COLLATE utf8_unicode_ci */ /*!80016 DEFAULT ENCRYPTION='N' */;

USE `miaosha`;

--
-- Table structure for table `item`
--

DROP TABLE IF EXISTS `item`;
/*!40101 SET @saved_cs_client     = @@character_set_client */;
/*!50503 SET character_set_client = utf8mb4 */;
CREATE TABLE `item` (
  `id` int NOT NULL AUTO_INCREMENT,
  `title` varchar(255) COLLATE utf8_unicode_ci NOT NULL DEFAULT '',
  `price` double NOT NULL DEFAULT '0',
  `description` varchar(255) COLLATE utf8_unicode_ci NOT NULL DEFAULT '',
  `sales` int NOT NULL DEFAULT '0',
  `img_url` varchar(1024) CHARACTER SET utf8 COLLATE utf8_unicode_ci NOT NULL DEFAULT '',
  PRIMARY KEY (`id`)
) ENGINE=InnoDB AUTO_INCREMENT=7 DEFAULT CHARSET=utf8 COLLATE=utf8_unicode_ci;
/*!40101 SET character_set_client = @saved_cs_client */;

--
-- Dumping data for table `item`
--

LOCK TABLES `item` WRITE;
/*!40000 ALTER TABLE `item` DISABLE KEYS */;
INSERT INTO `item` VALUES (5,'honorV30',2999,'很好用',1,'https://ss1.baidu.com/-4o3dSag_xI4khGko9WTAnF6hhy/image/h%3D300/sign=69a514725e540923b569657ea258d1dc/dcc451da81cb39db52e98d07c7160924ab1830b2.jpg'),(6,'honorV30',1222,'好的',6,'https://ss3.baidu.com/-fo3dSag_xI4khGko9WTAnF6hhy/image/h%3D300/sign=dd912e798545d688bc02b4a494c37dab/4b90f603738da977277e6161a751f8198618e323.jpg');
/*!40000 ALTER TABLE `item` ENABLE KEYS */;
UNLOCK TABLES;

--
-- Table structure for table `item_stock`
--

DROP TABLE IF EXISTS `item_stock`;
/*!40101 SET @saved_cs_client     = @@character_set_client */;
/*!50503 SET character_set_client = utf8mb4 */;
CREATE TABLE `item_stock` (
  `id` int NOT NULL AUTO_INCREMENT,
  `stock` int NOT NULL DEFAULT '0',
  `item_id` int NOT NULL DEFAULT '0',
  PRIMARY KEY (`id`)
) ENGINE=InnoDB AUTO_INCREMENT=7 DEFAULT CHARSET=utf8 COLLATE=utf8_unicode_ci;
/*!40101 SET character_set_client = @saved_cs_client */;

--
-- Dumping data for table `item_stock`
--

LOCK TABLES `item_stock` WRITE;
/*!40000 ALTER TABLE `item_stock` DISABLE KEYS */;
INSERT INTO `item_stock` VALUES (5,319,5),(6,115,6);
/*!40000 ALTER TABLE `item_stock` ENABLE KEYS */;
UNLOCK TABLES;

--
-- Table structure for table `order_info`
--

DROP TABLE IF EXISTS `order_info`;
/*!40101 SET @saved_cs_client     = @@character_set_client */;
/*!50503 SET character_set_client = utf8mb4 */;
CREATE TABLE `order_info` (
  `id` varchar(32) COLLATE utf8_unicode_ci NOT NULL,
  `user_id` int NOT NULL DEFAULT '0',
  `item_id` int NOT NULL DEFAULT '0',
  `item_price` double NOT NULL DEFAULT '0',
  `amount` int NOT NULL DEFAULT '0',
  `order_price` double NOT NULL DEFAULT '0',
  `promo_id` int NOT NULL DEFAULT '0' COMMENT '0表示不是秒杀商品',
  PRIMARY KEY (`id`)
) ENGINE=InnoDB DEFAULT CHARSET=utf8 COLLATE=utf8_unicode_ci;
/*!40101 SET character_set_client = @saved_cs_client */;

--
-- Dumping data for table `order_info`
--

LOCK TABLES `order_info` WRITE;
/*!40000 ALTER TABLE `order_info` DISABLE KEYS */;
INSERT INTO `order_info` VALUES ('2021040800000100',16,6,1222,1,1222,0),('2021040800000200',16,6,1222,1,1222,0),('2021040800000300',16,5,2999,1,2999,0),('2021040800000400',17,6,1222,1,1222,0),('2021040900000500',17,5,2999,1,2999,0),('2021040900000600',17,6,1000,1,1000,1),('2021040900000700',17,6,1000,1,1000,1),('2021041200000800',17,6,1000,1,1000,1);
/*!40000 ALTER TABLE `order_info` ENABLE KEYS */;
UNLOCK TABLES;

--
-- Table structure for table `promo`
--

DROP TABLE IF EXISTS `promo`;
/*!40101 SET @saved_cs_client     = @@character_set_client */;
/*!50503 SET character_set_client = utf8mb4 */;
CREATE TABLE `promo` (
  `id` int NOT NULL AUTO_INCREMENT,
  `promo_name` varchar(255) COLLATE utf8_unicode_ci NOT NULL DEFAULT '',
  `start_date` datetime NOT NULL DEFAULT '0000-00-00 00:00:00',
  `item_id` int NOT NULL,
  `promo_item_price` double NOT NULL DEFAULT '0',
  `end_date` datetime NOT NULL DEFAULT '0000-00-00 00:00:00',
  PRIMARY KEY (`id`)
) ENGINE=InnoDB AUTO_INCREMENT=3 DEFAULT CHARSET=utf8 COLLATE=utf8_unicode_ci;
/*!40101 SET character_set_client = @saved_cs_client */;

--
-- Dumping data for table `promo`
--

LOCK TABLES `promo` WRITE;
/*!40000 ALTER TABLE `promo` DISABLE KEYS */;
INSERT INTO `promo` VALUES (1,'honorV30的秒杀活动','2021-04-08 22:34:07',6,1000,'2021-04-16 23:01:26'),(2,'honorV30的秒杀活动','2021-04-10 11:24:16',5,1000,'2021-04-14 11:24:45');
/*!40000 ALTER TABLE `promo` ENABLE KEYS */;
UNLOCK TABLES;

--
-- Table structure for table `sequence_info`
--

DROP TABLE IF EXISTS `sequence_info`;
/*!40101 SET @saved_cs_client     = @@character_set_client */;
/*!50503 SET character_set_client = utf8mb4 */;
CREATE TABLE `sequence_info` (
  `name` varchar(255) COLLATE utf8_unicode_ci NOT NULL,
  `current_value` int NOT NULL DEFAULT '0',
  `step` int NOT NULL DEFAULT '0',
  PRIMARY KEY (`name`)
) ENGINE=InnoDB DEFAULT CHARSET=utf8 COLLATE=utf8_unicode_ci;
/*!40101 SET character_set_client = @saved_cs_client */;

--
-- Dumping data for table `sequence_info`
--

LOCK TABLES `sequence_info` WRITE;
/*!40000 ALTER TABLE `sequence_info` DISABLE KEYS */;
INSERT INTO `sequence_info` VALUES ('order_name',9,1);
/*!40000 ALTER TABLE `sequence_info` ENABLE KEYS */;
UNLOCK TABLES;

--
-- Table structure for table `user_info`
--

DROP TABLE IF EXISTS `user_info`;
/*!40101 SET @saved_cs_client     = @@character_set_client */;
/*!50503 SET character_set_client = utf8mb4 */;
CREATE TABLE `user_info` (
  `id` int NOT NULL AUTO_INCREMENT,
  `name` varchar(64) COLLATE utf8_unicode_ci NOT NULL,
  `gender` int NOT NULL COMMENT '//1是男， 2是女',
  `age` int NOT NULL,
  `telephone` varchar(128) CHARACTER SET utf8 COLLATE utf8_unicode_ci NOT NULL,
  `register_mode` varchar(128) CHARACTER SET utf8 COLLATE utf8_unicode_ci NOT NULL COMMENT '//byphone,bywechat,byalipay',
  `third_party_id` varchar(64) CHARACTER SET utf8 COLLATE utf8_unicode_ci NOT NULL DEFAULT '',
  PRIMARY KEY (`id`),
  UNIQUE KEY `telphone_unique_index` (`telephone`) USING BTREE
) ENGINE=InnoDB AUTO_INCREMENT=18 DEFAULT CHARSET=utf8 COLLATE=utf8_unicode_ci;
/*!40101 SET character_set_client = @saved_cs_client */;

--
-- Dumping data for table `user_info`
--

LOCK TABLES `user_info` WRITE;
/*!40000 ALTER TABLE `user_info` DISABLE KEYS */;
INSERT INTO `user_info` VALUES (1,'zhan',1,23,'12334543412','WeChat','11'),(16,'jams',1,12,'12345678913','byphone',''),(17,'zhan',1,21,'13512345678','byphone','');
/*!40000 ALTER TABLE `user_info` ENABLE KEYS */;
UNLOCK TABLES;

--
-- Table structure for table `user_password`
--

DROP TABLE IF EXISTS `user_password`;
/*!40101 SET @saved_cs_client     = @@character_set_client */;
/*!50503 SET character_set_client = utf8mb4 */;
CREATE TABLE `user_password` (
  `id` int NOT NULL AUTO_INCREMENT,
  `encrypt_password` varchar(128) CHARACTER SET utf8 COLLATE utf8_unicode_ci NOT NULL,
  `user_id` int NOT NULL DEFAULT '0',
  PRIMARY KEY (`id`)
) ENGINE=InnoDB AUTO_INCREMENT=14 DEFAULT CHARSET=utf8 COLLATE=utf8_unicode_ci;
/*!40101 SET character_set_client = @saved_cs_client */;

--
-- Dumping data for table `user_password`
--

LOCK TABLES `user_password` WRITE;
/*!40000 ALTER TABLE `user_password` DISABLE KEYS */;
INSERT INTO `user_password` VALUES (1,'edfefewrferfer',1),(12,'ICy5YqxZB1uWSwcVLSNLcA==',16),(13,'ICy5YqxZB1uWSwcVLSNLcA==',17);
/*!40000 ALTER TABLE `user_password` ENABLE KEYS */;
UNLOCK TABLES;
/*!40103 SET TIME_ZONE=@OLD_TIME_ZONE */;

/*!40101 SET SQL_MODE=@OLD_SQL_MODE */;
/*!40014 SET FOREIGN_KEY_CHECKS=@OLD_FOREIGN_KEY_CHECKS */;
/*!40014 SET UNIQUE_CHECKS=@OLD_UNIQUE_CHECKS */;
/*!40101 SET CHARACTER_SET_CLIENT=@OLD_CHARACTER_SET_CLIENT */;
/*!40101 SET CHARACTER_SET_RESULTS=@OLD_CHARACTER_SET_RESULTS */;
/*!40101 SET COLLATION_CONNECTION=@OLD_COLLATION_CONNECTION */;
/*!40111 SET SQL_NOTES=@OLD_SQL_NOTES */;

-- Dump completed on 2021-04-12 21:44:08
